{
    "train_loss": [
        1.8916152715682983,
        1.5389997959136963,
        1.4381980895996094,
        1.3703455924987793,
        1.3366475105285645,
        1.2956006526947021,
        1.269850254058838,
        1.2349896430969238,
        1.2020659446716309,
        1.1794281005859375,
        1.1580510139465332,
        1.1442707777023315,
        1.1327296495437622,
        1.112074613571167,
        1.0951310396194458,
        1.0914071798324585,
        1.0649499893188477,
        1.0650835037231445,
        1.0546119213104248,
        1.0404607057571411,
        1.035253882408142,
        1.0263020992279053,
        1.0078333616256714,
        0.9988712668418884,
        0.9811912775039673,
        0.9863452911376953,
        0.9872668981552124,
        0.9686100482940674,
        0.9615206718444824,
        0.959721565246582,
        0.9529679417610168,
        0.9509242177009583,
        0.9455838203430176,
        0.930173933506012,
        0.9248793721199036,
        0.9251021146774292,
        0.9274290800094604,
        0.9121719002723694,
        0.9118589758872986,
        0.8880317211151123,
        0.8788803815841675,
        0.8705413937568665,
        0.8727344870567322,
        0.8631265163421631,
        0.850903332233429,
        0.8545395731925964,
        0.8455875515937805,
        0.8603131771087646,
        0.8618723154067993,
        0.8482650518417358
    ],
    "train_accuracy": [
        0.3439095914363861,
        0.4314897358417511,
        0.4661523401737213,
        0.48821038007736206,
        0.5015755891799927,
        0.5235249400138855,
        0.5265673995018005,
        0.5479735136032104,
        0.5602520704269409,
        0.5733999609947205,
        0.5803542137145996,
        0.585135281085968,
        0.5864391922950745,
        0.5921981930732727,
        0.6013256311416626,
        0.6087145209312439,
        0.6182766556739807,
        0.6130609512329102,
        0.6158861517906189,
        0.6214277744293213,
        0.6259915232658386,
        0.6261001825332642,
        0.6408779621124268,
        0.6404433250427246,
        0.6513093709945679,
        0.6450070738792419,
        0.6507660746574402,
        0.6539171934127808,
        0.654569149017334,
        0.6564163565635681,
        0.6586982607841492,
        0.6555470824241638,
        0.6600021719932556,
        0.6590242385864258,
        0.6677170395851135,
        0.6717374920845032,
        0.6702162623405457,
        0.6707595586776733,
        0.6758665442466736,
        0.6836901307106018,
        0.6866239309310913,
        0.6847767233848572,
        0.6909703612327576,
        0.69651198387146,
        0.6980332732200623,
        0.6886884570121765,
        0.7068347334861755,
        0.6931435465812683,
        0.6905357241630554,
        0.6984679102897644
    ],
    "val_loss": [
        1.6832077503204346,
        1.4036691188812256,
        1.3126205205917358,
        1.339261531829834,
        1.2423181533813477,
        1.1428091526031494,
        1.1623852252960205,
        1.0777243375778198,
        1.2063654661178589,
        1.1219145059585571,
        1.0356956720352173,
        0.9992995858192444,
        1.0460354089736938,
        0.9195115566253662,
        0.9509040713310242,
        0.9537370204925537,
        0.9486713409423828,
        0.9063880443572998,
        1.051245927810669,
        0.857882559299469,
        0.9565966129302979,
        0.8689213395118713,
        0.8899755477905273,
        0.8489838242530823,
        0.8304870128631592,
        0.8781077265739441,
        0.8453683257102966,
        0.8303689956665039,
        0.8981988430023193,
        1.002135992050171,
        1.0234087705612183,
        0.824506402015686,
        0.8373660445213318,
        0.7889977097511292,
        0.9549892544746399,
        0.7934345006942749,
        0.9275577068328857,
        0.8573178648948669,
        0.7911243438720703,
        0.7602068781852722,
        0.8788698315620422,
        0.7529442310333252,
        0.7366800308227539,
        0.7060269117355347,
        0.7241089940071106,
        0.7284859418869019,
        0.7097070217132568,
        0.7450886964797974,
        0.7056644558906555,
        0.7669135928153992
    ],
    "val_accuracy": [
        0.38885268568992615,
        0.49543675780296326,
        0.5352020859718323,
        0.5306388735771179,
        0.5658409595489502,
        0.5928943753242493,
        0.5681225657463074,
        0.6199478507041931,
        0.557692289352417,
        0.6101694703102112,
        0.607887864112854,
        0.6368970274925232,
        0.633637547492981,
        0.6587353348731995,
        0.6613429188728333,
        0.6701434254646301,
        0.6525423526763916,
        0.6675358414649963,
        0.6245110630989075,
        0.6952412128448486,
        0.6486310362815857,
        0.6854628324508667,
        0.6623207330703735,
        0.6968709230422974,
        0.6955671310424805,
        0.6857888102531433,
        0.6985006332397461,
        0.6952412128448486,
        0.6730769276618958,
        0.6388526558876038,
        0.62125164270401,
        0.7099087238311768,
        0.6965450048446655,
        0.7144719958305359,
        0.6564537286758423,
        0.7183833122253418,
        0.6636245250701904,
        0.694915235042572,
        0.7092568278312683,
        0.7307692170143127,
        0.6893742084503174,
        0.7337027192115784,
        0.7493481040000916,
        0.7526075839996338,
        0.7473924160003662,
        0.738917887210846,
        0.7509778141975403,
        0.736636221408844,
        0.7509778141975403,
        0.7187092304229736
    ]
}